{
  "SaveGuid": "00000000-0000-0000-0000-000000000000",
  "PlayerPosition": {
    "x": 0.0,
    "y": 2.00502157,
    "z": 9.10480544E-20
  },
  "PlayerRotation": {
    "x": 0.0,
    "y": -0.5507698,
    "z": 0.0
  },
  "Balance": 10.0,
  "PotsCount": 0
}